{
  "classification": "Create Dictionary",
  "class": "unknown",
  "confidence": "0",
  "error": "Evaluating expression 'Cihaz: cpu\\nModel yükleniyor: C:\\\\Users\\\\Erdem\\\\OneDrive\\\\Masaüstü\\\\Mercedes\\\\models_saved\\\\best_document_classifier.pth\\nModel yüklendi: C:\\\\Users\\\\Erdem\\\\OneDrive\\\\Masaüstü\\\\Mercedes\\\\models_saved\\\\best_document_classifier.pth (Epoch: 9)\\nSýnýflandýrýcý hazýr!\\nMetin çýkarýcý baþlatýlýyor...\\nMetin çýkarma baþlýyor: C:\\\\Users\\\\Erdem\\\\OneDrive\\\\Masaüstü\\\\Mercedes\\\\input_documents\\\\01131442.tif\\nTIF dosyasý iþleniyor: C:\\\\Users\\\\Erdem\\\\OneDrive\\\\Masaüstü\\\\Mercedes\\\\input_documents\\\\01131442.tif\\nGeçici JPEG oluþturuldu: C:\\\\Users\\\\Erdem\\\\OneDrive\\\\Masaüstü\\\\Mercedes\\\\temp\\\\01131442.tif_temp.jpg\\nUnstructured paketi kurulu deðil, OCR atlanýyor\\nMetin çýkarma tamamlandý: 23 karakter, 3.63 saniye\\n{\"classification\": {\"class\": \"news_article\", \"confidence\": 0.9999548196792603, \"all_probs\": {\"letter\": 3.206768042218755e-06, \"form\": 2.660584925706644e-07, \"email\": 3.7949473608023254e-07, \"handwritten\": 6.020189147193378e-08, \"advertisement\": 7.825396096450277e-06, \"scientific_report\": 2.7796204449259676e-08, \"scientific_publication\": 9.065999506674416e-08, \"specification\": 9.179950666293735e-07, \"file_folder\": 2.982682235597167e-05, \"news_article\": 0.9999548196792603, \"budget\": 3.403590653761057e-08, \"invoice\": 2.9221046915495208e-08, \"presentation\": 1.971819756363402e-07, \"questionnaire\": 2.6170968681071827e-07, \"resume\": 2.211354740211391e-06, \"memo\": 3.899430822684735e-08}, \"sorted_probs\": [[\"news_article\", 0.9999548196792603], [\"file_folder\", 2.982682235597167e-05], [\"advertisement\", 7.825396096450277e-06], [\"letter\", 3.206768042218755e-06], [\"resume\", 2.211354740211391e-06], [\"specification\", 9.179950666293735e-07], [\"email\", 3.7949473608023254e-07], [\"form\", 2.660584925706644e-07], [\"questionnaire\", 2.6170968681071827e-07], [\"presentation\", 1.971819756363402e-07], [\"scientific_publication\", 9.065999506674416e-08], [\"handwritten\", 6.020189147193378e-08], [\"memo\", 3.899430822684735e-08], [\"budget\", 3.403590653761057e-08], [\"invoice\", 2.9221046915495208e-08], [\"scientific_report\", 2.7796204449259676e-08]]}, \"extraction\": {\"text\": \"[OCR paketi bulunamadý]\", \"metadata\": {\"num_elements\": 0, \"processing_time\": 3.628925085067749, \"file_path\": \"C:\\\\\\\\Users\\\\\\\\Erdem\\\\\\\\OneDrive\\\\\\\\Masaüstü\\\\\\\\Mercedes\\\\\\\\input_documents\\\\\\\\01131442.tif\"}}, \"analysis\": null, \"processing_info\": {\"start_time\": \"2025-03-14T17:01:52.179673\", \"end_time\": \"2025-03-14T17:01:56.239582\", \"processing_time\": 4.059909, \"file_path\": \"C:\\\\\\\\Users\\\\\\\\Erdem\\\\\\\\OneDrive\\\\\\\\Masaüstü\\\\\\\\Mercedes\\\\\\\\input_documents\\\\\\\\01131442.tif\", \"file_name\": \"01131442.tif\"}, \"mongodb_id\": \"67d436d4b32fc79e69a1d5dd\", \"status\": \"success\", \"processing_summary\": {\"mode\": \"full\", \"start_time\": \"2025-03-14T17:01:48.340847\", \"end_time\": \"2025-03-14T17:01:56.410976\", \"total_time\": 8.070129, \"class\": \"news_article\", \"confidence\": 0.9999548196792603, \"text_length\": 23, \"has_analysis\": false}}\\n.rfind(\\'{\\')' failed: SyntaxError: invalid syntax (<string>, line 1)"
}