{
  "classification": "Create Dictionary",
  "class": "unknown",
  "confidence": "0",
  "error": "Evaluating expression 'Cihaz: cpu\\nModel yükleniyor: C:\\\\Users\\\\Erdem\\\\OneDrive\\\\Masaüstü\\\\Mercedes\\\\models_saved\\\\best_document_classifier.pth\\nModel yüklendi: C:\\\\Users\\\\Erdem\\\\OneDrive\\\\Masaüstü\\\\Mercedes\\\\models_saved\\\\best_document_classifier.pth (Epoch: 9)\\nSýnýflandýrýcý hazýr!\\nMetin çýkarýcý baþlatýlýyor...\\nMetin çýkarma baþlýyor: C:\\\\Users\\\\Erdem\\\\OneDrive\\\\Masaüstü\\\\Mercedes\\\\input_documents\\\\2074207006.tif\\nTIF dosyasý iþleniyor: C:\\\\Users\\\\Erdem\\\\OneDrive\\\\Masaüstü\\\\Mercedes\\\\input_documents\\\\2074207006.tif\\nGeçici JPEG oluþturuldu: C:\\\\Users\\\\Erdem\\\\OneDrive\\\\Masaüstü\\\\Mercedes\\\\temp\\\\2074207006.tif_temp.jpg\\nUnstructured paketi kurulu deðil, OCR atlanýyor\\nMetin çýkarma tamamlandý: 23 karakter, 3.43 saniye\\n{\"classification\": {\"class\": \"news_article\", \"confidence\": 0.9993249177932739, \"all_probs\": {\"letter\": 2.1725165879615815e-06, \"form\": 3.596711337650049e-07, \"email\": 1.4900463156664046e-06, \"handwritten\": 4.5606764587091675e-08, \"advertisement\": 0.0006220015347935259, \"scientific_report\": 1.4176229967688414e-08, \"scientific_publication\": 1.3747197158409108e-07, \"specification\": 1.6412518561992329e-06, \"file_folder\": 4.453697329154238e-05, \"news_article\": 0.9993249177932739, \"budget\": 5.0550880814626e-08, \"invoice\": 8.70339391667585e-08, \"presentation\": 1.083926349565445e-06, \"questionnaire\": 5.714810527024383e-07, \"resume\": 5.954852895229124e-07, \"memo\": 3.268636987741047e-07}, \"sorted_probs\": [[\"news_article\", 0.9993249177932739], [\"advertisement\", 0.0006220015347935259], [\"file_folder\", 4.453697329154238e-05], [\"letter\", 2.1725165879615815e-06], [\"specification\", 1.6412518561992329e-06], [\"email\", 1.4900463156664046e-06], [\"presentation\", 1.083926349565445e-06], [\"resume\", 5.954852895229124e-07], [\"questionnaire\", 5.714810527024383e-07], [\"form\", 3.596711337650049e-07], [\"memo\", 3.268636987741047e-07], [\"scientific_publication\", 1.3747197158409108e-07], [\"invoice\", 8.70339391667585e-08], [\"budget\", 5.0550880814626e-08], [\"handwritten\", 4.5606764587091675e-08], [\"scientific_report\", 1.4176229967688414e-08]]}, \"extraction\": {\"text\": \"[OCR paketi bulunamadý]\", \"metadata\": {\"num_elements\": 0, \"processing_time\": 3.4320015907287598, \"file_path\": \"C:\\\\\\\\Users\\\\\\\\Erdem\\\\\\\\OneDrive\\\\\\\\Masaüstü\\\\\\\\Mercedes\\\\\\\\input_documents\\\\\\\\2074207006.tif\"}}, \"analysis\": null, \"processing_info\": {\"start_time\": \"2025-03-14T16:42:08.236177\", \"end_time\": \"2025-03-14T16:42:12.084755\", \"processing_time\": 3.848578, \"file_path\": \"C:\\\\\\\\Users\\\\\\\\Erdem\\\\\\\\OneDrive\\\\\\\\Masaüstü\\\\\\\\Mercedes\\\\\\\\input_documents\\\\\\\\2074207006.tif\", \"file_name\": \"2074207006.tif\"}, \"mongodb_id\": \"67d43234961b2a598ba98fcc\", \"status\": \"success\", \"processing_summary\": {\"mode\": \"full\", \"start_time\": \"2025-03-14T16:42:04.737956\", \"end_time\": \"2025-03-14T16:42:12.240371\", \"total_time\": 7.502415, \"class\": \"news_article\", \"confidence\": 0.9993249177932739, \"text_length\": 23, \"has_analysis\": false}}\\n.rfind(\\'{\\')' failed: SyntaxError: invalid syntax (<string>, line 1)"
}